{"cameraMode":{"drawMode":0,"name":"Shaded","section":"Shading Mode"},"sceneLighting":false,"audioPlay":false,"sceneViewState":{"m_AlwaysRefresh":false,"showFog":true,"showSkybox":false,"showFlares":true,"showImageEffects":true,"showParticleSystems":true,"showVisualEffectGraphs":true,"m_FxEnabled":true},"in2DMode":false,"pivot":{"x":778.9279174804688,"y":-161.10665893554688,"z":167.49879455566407},"rotation":{"x":0.13862036168575288,"y":0.8595792055130005,"z":-0.37647512555122378,"w":0.31650209426879885},"size":431.8956604003906,"orthographic":false}